<BOM>
  <BO>
    <AdmInfo>
      <Object>152</Object>
      <Version>2</Version>
    </AdmInfo>
    <UserFieldsMD>
      <row>
        <Name>COMISSIONADO</Name>
        <Type>db_Numeric</Type>
        <Size>11</Size>
        <Description>Comissionado</Description>
        <LinkedTable></LinkedTable>
        <TableName>@CVA_CALC_COMISSAO</TableName>
        <FieldID>0</FieldID>
        <EditSize>10</EditSize>
        <Mandatory>tNO</Mandatory>
      </row>
    </UserFieldsMD>
  </BO>
  <BO>
    <AdmInfo>
      <Object>152</Object>
      <Version>2</Version>
    </AdmInfo>
    <UserFieldsMD>
      <row>
        <Name>CARDCODE</Name>
        <Type>db_Alpha</Type>
        <Size>15</Size>
        <Description>Cód. cliente</Description>
        <SubType>st_None</SubType>
        <LinkedTable></LinkedTable>
        <TableName>@CVA_CALC_COMISSAO</TableName>
        <FieldID>1</FieldID>
        <EditSize>15</EditSize>
        <Mandatory>tNO</Mandatory>
      </row>
    </UserFieldsMD>
  </BO>
  <BO>
    <AdmInfo>
      <Object>152</Object>
      <Version>2</Version>
    </AdmInfo>
    <UserFieldsMD>
      <row>
        <Name>CARDNAME</Name>
        <Type>db_Alpha</Type>
        <Size>100</Size>
        <Description>Razão social</Description>
        <SubType>st_None</SubType>
        <LinkedTable></LinkedTable>
        <TableName>@CVA_CALC_COMISSAO</TableName>
        <FieldID>2</FieldID>
        <EditSize>100</EditSize>
        <Mandatory>tNO</Mandatory>
      </row>
    </UserFieldsMD>
  </BO>
  <BO>
    <AdmInfo>
      <Object>152</Object>
      <Version>2</Version>
    </AdmInfo>
    <UserFieldsMD>
      <row>
        <Name>REGRA</Name>
        <Type>db_Alpha</Type>
        <Size>50</Size>
        <Description>Regra de comissão</Description>
        <SubType>st_None</SubType>
        <LinkedTable>CVA_REGR_COMISSAO</LinkedTable>
        <TableName>@CVA_CALC_COMISSAO</TableName>
        <FieldID>3</FieldID>
        <EditSize>50</EditSize>
        <Mandatory>tNO</Mandatory>
      </row>
    </UserFieldsMD>
  </BO>
  <BO>
    <AdmInfo>
      <Object>152</Object>
      <Version>2</Version>
    </AdmInfo>
    <UserFieldsMD>
      <row>
        <Name>DOCDATE</Name>
        <Type>db_Date</Type>
        <Size>8</Size>
        <Description>Data do documento</Description>
        <LinkedTable></LinkedTable>
        <DefaultValue></DefaultValue>
        <TableName>@CVA_CALC_COMISSAO</TableName>
        <FieldID>4</FieldID>
        <EditSize>8</EditSize>
        <Mandatory>tNO</Mandatory>
      </row>
    </UserFieldsMD>
  </BO>
  <BO>
    <AdmInfo>
      <Object>152</Object>
      <Version>2</Version>
    </AdmInfo>
    <UserFieldsMD>
      <row>
        <Name>DUEDATE</Name>
        <Type>db_Date</Type>
        <Size>8</Size>
        <Description>Data do vencimento</Description>
        <LinkedTable></LinkedTable>
        <DefaultValue></DefaultValue>
        <TableName>@CVA_CALC_COMISSAO</TableName>
        <FieldID>5</FieldID>
        <EditSize>8</EditSize>
        <Mandatory>tNO</Mandatory>
      </row>
    </UserFieldsMD>
  </BO>
  <BO>
    <AdmInfo>
      <Object>152</Object>
      <Version>2</Version>
    </AdmInfo>
    <UserFieldsMD>
      <row>
        <Name>DOCENTRY</Name>
        <Type>db_Numeric</Type>
        <Size>11</Size>
        <Description>Chave do documento</Description>
        <LinkedTable></LinkedTable>
        <TableName>@CVA_CALC_COMISSAO</TableName>
        <FieldID>6</FieldID>
        <EditSize>10</EditSize>
        <Mandatory>tNO</Mandatory>
      </row>
    </UserFieldsMD>
  </BO>
  <BO>
    <AdmInfo>
      <Object>152</Object>
      <Version>2</Version>
    </AdmInfo>
    <UserFieldsMD>
      <row>
        <Name>OBJTYPE</Name>
        <Type>db_Numeric</Type>
        <Size>11</Size>
        <Description>Tipo do documento</Description>
        <LinkedTable></LinkedTable>
        <TableName>@CVA_CALC_COMISSAO</TableName>
        <FieldID>7</FieldID>
        <EditSize>10</EditSize>
        <Mandatory>tNO</Mandatory>
      </row>
    </UserFieldsMD>
  </BO>
  <BO>
    <AdmInfo>
      <Object>152</Object>
      <Version>2</Version>
    </AdmInfo>
    <UserFieldsMD>
      <row>
        <Name>ITEMCODE</Name>
        <Type>db_Alpha</Type>
        <Size>20</Size>
        <Description>Cód. item</Description>
        <SubType>st_None</SubType>
        <LinkedTable></LinkedTable>
        <TableName>@CVA_CALC_COMISSAO</TableName>
        <FieldID>8</FieldID>
        <EditSize>20</EditSize>
        <Mandatory>tNO</Mandatory>
      </row>
    </UserFieldsMD>
  </BO>
  <BO>
    <AdmInfo>
      <Object>152</Object>
      <Version>2</Version>
    </AdmInfo>
    <UserFieldsMD>
      <row>
        <Name>ITEMNAME</Name>
        <Type>db_Alpha</Type>
        <Size>100</Size>
        <Description>Descrição do item</Description>
        <SubType>st_None</SubType>
        <LinkedTable></LinkedTable>
        <TableName>@CVA_CALC_COMISSAO</TableName>
        <FieldID>9</FieldID>
        <EditSize>100</EditSize>
        <Mandatory>tNO</Mandatory>
      </row>
    </UserFieldsMD>
  </BO>
  <BO>
    <AdmInfo>
      <Object>152</Object>
      <Version>2</Version>
    </AdmInfo>
    <UserFieldsMD>
      <row>
        <Name>LINENUM</Name>
        <Type>db_Numeric</Type>
        <Size>11</Size>
        <Description>Linha</Description>
        <LinkedTable></LinkedTable>
        <TableName>@CVA_CALC_COMISSAO</TableName>
        <FieldID>10</FieldID>
        <EditSize>10</EditSize>
        <Mandatory>tNO</Mandatory>
      </row>
    </UserFieldsMD>
  </BO>
  <BO>
    <AdmInfo>
      <Object>152</Object>
      <Version>2</Version>
    </AdmInfo>
    <UserFieldsMD>
      <row>
        <Name>VALOR</Name>
        <Type>db_Float</Type>
        <Size>16</Size>
        <Description>Valor</Description>
        <SubType>st_Sum</SubType>
        <LinkedTable></LinkedTable>
        <TableName>@CVA_CALC_COMISSAO</TableName>
        <FieldID>11</FieldID>
        <EditSize>16</EditSize>
        <Mandatory>tNO</Mandatory>
      </row>
    </UserFieldsMD>
  </BO>
  <BO>
    <AdmInfo>
      <Object>152</Object>
      <Version>2</Version>
    </AdmInfo>
    <UserFieldsMD>
      <row>
        <Name>PARCELA</Name>
        <Type>db_Numeric</Type>
        <Size>11</Size>
        <Description>Parcela</Description>
        <LinkedTable></LinkedTable>
        <TableName>@CVA_CALC_COMISSAO</TableName>
        <FieldID>12</FieldID>
        <EditSize>10</EditSize>
        <Mandatory>tNO</Mandatory>
      </row>
    </UserFieldsMD>
  </BO>
  <BO>
    <AdmInfo>
      <Object>152</Object>
      <Version>2</Version>
    </AdmInfo>
    <UserFieldsMD>
      <row>
        <Name>IMPOSTOS</Name>
        <Type>db_Float</Type>
        <Size>16</Size>
        <Description>Impostos</Description>
        <SubType>st_Sum</SubType>
        <LinkedTable></LinkedTable>
        <TableName>@CVA_CALC_COMISSAO</TableName>
        <FieldID>13</FieldID>
        <EditSize>16</EditSize>
        <Mandatory>tNO</Mandatory>
      </row>
    </UserFieldsMD>
  </BO>
  <BO>
    <AdmInfo>
      <Object>152</Object>
      <Version>2</Version>
    </AdmInfo>
    <UserFieldsMD>
      <row>
        <Name>COMISSAO</Name>
        <Type>db_Float</Type>
        <Size>16</Size>
        <Description>% de comissão</Description>
        <SubType>st_Percentage</SubType>
        <LinkedTable></LinkedTable>
        <TableName>@CVA_CALC_COMISSAO</TableName>
        <FieldID>14</FieldID>
        <EditSize>16</EditSize>
        <Mandatory>tNO</Mandatory>
      </row>
    </UserFieldsMD>
  </BO>
  <BO>
    <AdmInfo>
      <Object>152</Object>
      <Version>2</Version>
    </AdmInfo>
    <UserFieldsMD>
      <row>
        <Name>VALORCOMISSAO</Name>
        <Type>db_Float</Type>
        <Size>16</Size>
        <Description>Valor de comissão</Description>
        <SubType>st_Sum</SubType>
        <LinkedTable></LinkedTable>
        <TableName>@CVA_CALC_COMISSAO</TableName>
        <FieldID>15</FieldID>
        <EditSize>16</EditSize>
        <Mandatory>tNO</Mandatory>
      </row>
    </UserFieldsMD>
  </BO>
  <BO>
    <AdmInfo>
      <Object>152</Object>
      <Version>2</Version>
    </AdmInfo>
    <UserFieldsMD>
      <row>
        <Name>CENTROCUSTO</Name>
        <Type>db_Alpha</Type>
        <Size>8</Size>
        <Description>Centro de custo</Description>
        <SubType>st_None</SubType>
        <LinkedTable></LinkedTable>
        <TableName>@CVA_CALC_COMISSAO</TableName>
        <FieldID>16</FieldID>
        <EditSize>8</EditSize>
        <Mandatory>tNO</Mandatory>
      </row>
    </UserFieldsMD>
  </BO>
  <BO>
    <AdmInfo>
      <Object>152</Object>
      <Version>2</Version>
    </AdmInfo>
    <UserFieldsMD>
      <row>
        <Name>PAGO</Name>
        <Type>db_Alpha</Type>
        <Size>1</Size>
        <Description>Comissão paga?</Description>
        <SubType>st_None</SubType>
        <LinkedTable></LinkedTable>
        <DefaultValue>N</DefaultValue>
        <TableName>@CVA_CALC_COMISSAO</TableName>
        <FieldID>17</FieldID>
        <EditSize>1</EditSize>
        <Mandatory>tNO</Mandatory>
      </row>
    </UserFieldsMD>
    <ValidValuesMD>
      <row></row>
      <row>
        <Value>Y</Value>
        <Description>Sim</Description>
      </row>
      <row>
        <Value>N</Value>
        <Description>Não</Description>
      </row>
    </ValidValuesMD>
  </BO>
  <BO>
    <AdmInfo>
      <Object>152</Object>
      <Version>2</Version>
    </AdmInfo>
    <UserFieldsMD>
      <row>
        <Name>DATAPAGAMENTO</Name>
        <Type>db_Date</Type>
        <Size>8</Size>
        <Description>Data de pagamento</Description>
        <LinkedTable></LinkedTable>
        <DefaultValue></DefaultValue>
        <TableName>@CVA_CALC_COMISSAO</TableName>
        <FieldID>18</FieldID>
        <EditSize>8</EditSize>
        <Mandatory>tNO</Mandatory>
      </row>
    </UserFieldsMD>
  </BO>
  <BO>
    <AdmInfo>
      <Object>152</Object>
      <Version>2</Version>
    </AdmInfo>
    <UserFieldsMD>
      <row>
        <Name>POS</Name>
        <Type>db_Numeric</Type>
        <Size>11</Size>
        <Description>Posição</Description>
        <LinkedTable></LinkedTable>
        <TableName>@CVA_CRIT_COMISSAO</TableName>
        <FieldID>0</FieldID>
        <EditSize>10</EditSize>
        <Mandatory>tNO</Mandatory>
      </row>
    </UserFieldsMD>
  </BO>
  <BO>
    <AdmInfo>
      <Object>152</Object>
      <Version>2</Version>
    </AdmInfo>
    <UserFieldsMD>
      <row>
        <Name>ATIVO</Name>
        <Type>db_Alpha</Type>
        <Size>1</Size>
        <Description>Ativo?</Description>
        <SubType>st_None</SubType>
        <LinkedTable></LinkedTable>
        <DefaultValue>Y</DefaultValue>
        <TableName>@CVA_CRIT_COMISSAO</TableName>
        <FieldID>1</FieldID>
        <EditSize>1</EditSize>
        <Mandatory>tYES</Mandatory>
      </row>
    </UserFieldsMD>
    <ValidValuesMD>
      <row></row>
      <row>
        <Value>Y</Value>
        <Description>Sim</Description>
      </row>
      <row>
        <Value>N</Value>
        <Description>Não</Description>
      </row>
    </ValidValuesMD>
  </BO>
  <BO>
    <AdmInfo>
      <Object>152</Object>
      <Version>2</Version>
    </AdmInfo>
    <UserFieldsMD>
      <row>
        <Name>TIPO</Name>
        <Type>db_Alpha</Type>
        <Size>50</Size>
        <Description>Tipo de comissão</Description>
        <SubType>st_None</SubType>
        <LinkedTable>CVA_TIPO_COMISSAO</LinkedTable>
        <TableName>@CVA_REGR_COMISSAO</TableName>
        <FieldID>0</FieldID>
        <EditSize>50</EditSize>
        <Mandatory>tNO</Mandatory>
      </row>
    </UserFieldsMD>
  </BO>
  <BO>
    <AdmInfo>
      <Object>152</Object>
      <Version>2</Version>
    </AdmInfo>
    <UserFieldsMD>
      <row>
        <Name>COMISSIONADO</Name>
        <Type>db_Numeric</Type>
        <Size>11</Size>
        <Description>Comissionado</Description>
        <LinkedTable></LinkedTable>
        <TableName>@CVA_REGR_COMISSAO</TableName>
        <FieldID>1</FieldID>
        <EditSize>10</EditSize>
        <Mandatory>tNO</Mandatory>
      </row>
    </UserFieldsMD>
  </BO>
  <BO>
    <AdmInfo>
      <Object>152</Object>
      <Version>2</Version>
    </AdmInfo>
    <UserFieldsMD>
      <row>
        <Name>MOMENTO</Name>
        <Type>db_Alpha</Type>
        <Size>1</Size>
        <Description>Momento da comissão</Description>
        <SubType>st_None</SubType>
        <LinkedTable></LinkedTable>
        <DefaultValue></DefaultValue>
        <TableName>@CVA_REGR_COMISSAO</TableName>
        <FieldID>2</FieldID>
        <EditSize>1</EditSize>
        <Mandatory>tNO</Mandatory>
      </row>
    </UserFieldsMD>
    <ValidValuesMD>
      <row></row>
      <row>
        <Value>F</Value>
        <Description>Faturamento</Description>
      </row>
      <row>
        <Value>R</Value>
        <Description>Recebimento</Description>
      </row>
      <row>
        <Value>P</Value>
        <Description>Pedido</Description>
      </row>
    </ValidValuesMD>
  </BO>
  <BO>
    <AdmInfo>
      <Object>152</Object>
      <Version>2</Version>
    </AdmInfo>
    <UserFieldsMD>
      <row>
        <Name>VENDEDOR</Name>
        <Type>db_Numeric</Type>
        <Size>11</Size>
        <Description>Vendedor</Description>
        <LinkedTable></LinkedTable>
        <TableName>@CVA_REGR_COMISSAO</TableName>
        <FieldID>3</FieldID>
        <EditSize>10</EditSize>
        <Mandatory>tNO</Mandatory>
      </row>
    </UserFieldsMD>
  </BO>
  <BO>
    <AdmInfo>
      <Object>152</Object>
      <Version>2</Version>
    </AdmInfo>
    <UserFieldsMD>
      <row>
        <Name>ITEM</Name>
        <Type>db_Alpha</Type>
        <Size>20</Size>
        <Description>Código do item</Description>
        <SubType>st_None</SubType>
        <LinkedTable></LinkedTable>
        <TableName>@CVA_REGR_COMISSAO</TableName>
        <FieldID>4</FieldID>
        <EditSize>20</EditSize>
        <Mandatory>tNO</Mandatory>
      </row>
    </UserFieldsMD>
  </BO>
  <BO>
    <AdmInfo>
      <Object>152</Object>
      <Version>2</Version>
    </AdmInfo>
    <UserFieldsMD>
      <row>
        <Name>GRUPO</Name>
        <Type>db_Numeric</Type>
        <Size>11</Size>
        <Description>Grupo de item</Description>
        <LinkedTable></LinkedTable>
        <TableName>@CVA_REGR_COMISSAO</TableName>
        <FieldID>5</FieldID>
        <EditSize>10</EditSize>
        <Mandatory>tNO</Mandatory>
      </row>
    </UserFieldsMD>
  </BO>
  <BO>
    <AdmInfo>
      <Object>152</Object>
      <Version>2</Version>
    </AdmInfo>
    <UserFieldsMD>
      <row>
        <Name>CENTROCUSTO</Name>
        <Type>db_Alpha</Type>
        <Size>8</Size>
        <Description>Centro de custo</Description>
        <SubType>st_None</SubType>
        <LinkedTable></LinkedTable>
        <TableName>@CVA_REGR_COMISSAO</TableName>
        <FieldID>6</FieldID>
        <EditSize>8</EditSize>
        <Mandatory>tNO</Mandatory>
      </row>
    </UserFieldsMD>
  </BO>
  <BO>
    <AdmInfo>
      <Object>152</Object>
      <Version>2</Version>
    </AdmInfo>
    <UserFieldsMD>
      <row>
        <Name>FABRICANTE</Name>
        <Type>db_Numeric</Type>
        <Size>11</Size>
        <Description>Fabricante</Description>
        <LinkedTable></LinkedTable>
        <TableName>@CVA_REGR_COMISSAO</TableName>
        <FieldID>7</FieldID>
        <EditSize>10</EditSize>
        <Mandatory>tNO</Mandatory>
      </row>
    </UserFieldsMD>
  </BO>
  <BO>
    <AdmInfo>
      <Object>152</Object>
      <Version>2</Version>
    </AdmInfo>
    <UserFieldsMD>
      <row>
        <Name>CLIENTE</Name>
        <Type>db_Alpha</Type>
        <Size>15</Size>
        <Description>Cliente</Description>
        <SubType>st_None</SubType>
        <LinkedTable></LinkedTable>
        <TableName>@CVA_REGR_COMISSAO</TableName>
        <FieldID>8</FieldID>
        <EditSize>15</EditSize>
        <Mandatory>tNO</Mandatory>
      </row>
    </UserFieldsMD>
  </BO>
  <BO>
    <AdmInfo>
      <Object>152</Object>
      <Version>2</Version>
    </AdmInfo>
    <UserFieldsMD>
      <row>
        <Name>CIDADE</Name>
        <Type>db_Numeric</Type>
        <Size>11</Size>
        <Description>Cidade</Description>
        <LinkedTable></LinkedTable>
        <TableName>@CVA_REGR_COMISSAO</TableName>
        <FieldID>9</FieldID>
        <EditSize>10</EditSize>
        <Mandatory>tNO</Mandatory>
      </row>
    </UserFieldsMD>
  </BO>
  <BO>
    <AdmInfo>
      <Object>152</Object>
      <Version>2</Version>
    </AdmInfo>
    <UserFieldsMD>
      <row>
        <Name>ESTADO</Name>
        <Type>db_Alpha</Type>
        <Size>2</Size>
        <Description>Estado</Description>
        <SubType>st_None</SubType>
        <LinkedTable></LinkedTable>
        <TableName>@CVA_REGR_COMISSAO</TableName>
        <FieldID>10</FieldID>
        <EditSize>2</EditSize>
        <Mandatory>tNO</Mandatory>
      </row>
    </UserFieldsMD>
  </BO>
  <BO>
    <AdmInfo>
      <Object>152</Object>
      <Version>2</Version>
    </AdmInfo>
    <UserFieldsMD>
      <row>
        <Name>SETOR</Name>
        <Type>db_Numeric</Type>
        <Size>11</Size>
        <Description>Setor</Description>
        <LinkedTable></LinkedTable>
        <TableName>@CVA_REGR_COMISSAO</TableName>
        <FieldID>11</FieldID>
        <EditSize>10</EditSize>
        <Mandatory>tNO</Mandatory>
      </row>
    </UserFieldsMD>
  </BO>
  <BO>
    <AdmInfo>
      <Object>152</Object>
      <Version>2</Version>
    </AdmInfo>
    <UserFieldsMD>
      <row>
        <Name>COMISSAO</Name>
        <Type>db_Float</Type>
        <Size>16</Size>
        <Description>% de comissão</Description>
        <SubType>st_Percentage</SubType>
        <LinkedTable></LinkedTable>
        <TableName>@CVA_REGR_COMISSAO</TableName>
        <FieldID>12</FieldID>
        <EditSize>16</EditSize>
        <Mandatory>tNO</Mandatory>
      </row>
    </UserFieldsMD>
  </BO>
  <BO>
    <AdmInfo>
      <Object>152</Object>
      <Version>2</Version>
    </AdmInfo>
    <UserFieldsMD>
      <row>
        <Name>ATIVO</Name>
        <Type>db_Alpha</Type>
        <Size>1</Size>
        <Description>Ativo?</Description>
        <SubType>st_None</SubType>
        <LinkedTable></LinkedTable>
        <DefaultValue>Y</DefaultValue>
        <TableName>@CVA_REGR_COMISSAO</TableName>
        <FieldID>1</FieldID>
        <EditSize>1</EditSize>
        <Mandatory>tNO</Mandatory>
      </row>
    </UserFieldsMD>
    <ValidValuesMD>
      <row></row>
      <row>
        <Value>Y</Value>
        <Description>Sim</Description>
      </row>
      <row>
        <Value>N</Value>
        <Description>Não</Description>
      </row>
    </ValidValuesMD>
  </BO>
  <BO>
    <AdmInfo>
      <Object>152</Object>
      <Version>2</Version>
    </AdmInfo>
    <UserFieldsMD>
      <row>
        <Name>TIPO</Name>
        <Type>db_Alpha</Type>
        <Size>1</Size>
        <Description>É tipo vendedor</Description>
        <SubType>st_None</SubType>
        <LinkedTable></LinkedTable>
        <DefaultValue>Y</DefaultValue>
        <TableName>@CVA_TIPO_COMISSAO</TableName>
        <FieldID>0</FieldID>
        <EditSize>1</EditSize>
        <Mandatory>tYES</Mandatory>
      </row>
    </UserFieldsMD>
    <ValidValuesMD>
      <row></row>
      <row>
        <Value>Y</Value>
        <Description>Sim</Description>
      </row>
      <row>
        <Value>N</Value>
        <Description>Não</Description>
      </row>
    </ValidValuesMD>
  </BO>
  <BO>
    <AdmInfo>
      <Object>152</Object>
      <Version>2</Version>
    </AdmInfo>
    <UserFieldsMD>
      <row>
        <Name>CVA_IMPINCL</Name>
        <Type>db_Alpha</Type>
        <Size>1</Size>
        <Description>Comissões: Impostos inclusos no preço?</Description>
        <SubType>st_None</SubType>
        <LinkedTable></LinkedTable>
        <DefaultValue>Y</DefaultValue>
        <TableName>OSLP</TableName>
        <FieldID>1</FieldID>
        <EditSize>1</EditSize>
        <Mandatory>tNO</Mandatory>
      </row>
    </UserFieldsMD>
    <ValidValuesMD>
      <row></row>
      <row>
        <Value>Y</Value>
        <Description>Sim</Description>
      </row>
      <row>
        <Value>N</Value>
        <Description>Não</Description>
      </row>
    </ValidValuesMD>
  </BO>
  <BO>
    <AdmInfo>
      <Object>152</Object>
      <Version>2</Version>
    </AdmInfo>
    <UserFieldsMD>
      <row>
        <Name>CVA_IMPADC</Name>
        <Type>db_Alpha</Type>
        <Size>1</Size>
        <Description>Comissões: Impostos adicionais?</Description>
        <SubType>st_None</SubType>
        <LinkedTable></LinkedTable>
        <DefaultValue>Y</DefaultValue>
        <TableName>OSLP</TableName>
        <FieldID>1</FieldID>
        <EditSize>1</EditSize>
        <Mandatory>tNO</Mandatory>
      </row>
    </UserFieldsMD>
    <ValidValuesMD>
      <row></row>
      <row>
        <Value>Y</Value>
        <Description>Sim</Description>
      </row>
      <row>
        <Value>N</Value>
        <Description>Não</Description>
      </row>
    </ValidValuesMD>
  </BO>
</BOM>