<BOM>
  <BO>
    <AdmInfo>
      <Object>206</Object>
      <Version>2</Version>
    </AdmInfo>
    <UserObjectsMD>
      <row>
        <Code>UDOCALC</Code>
        <Name>[CVA] Cálculo de comissão</Name>
        <TableName>CVA_CALC_COMISSAO</TableName>
        <LogTableName>ACVA_CALC_COMISSAO</LogTableName>
        <ObjectType>boud_MasterData</ObjectType>
        <ManageSeries>tNO</ManageSeries>
        <CanDelete>tYES</CanDelete>
        <CanClose>tNO</CanClose>
        <CanCancel>tNO</CanCancel>
        <ExtensionName />
        <CanFind>tYES</CanFind>
        <CanYearTransfer>tNO</CanYearTransfer>
        <CanCreateDefaultForm>tYES</CanCreateDefaultForm>
        <CanLog>tYES</CanLog>
        <OverwriteDllfile>tYES</OverwriteDllfile>
        <UseUniqueFormType>tYES</UseUniqueFormType>
        <CanArchive>tNO</CanArchive>
        <MenuItem>tNO</MenuItem>
        <MenuCaption />
        <EnableEnhancedForm>tYES</EnableEnhancedForm>
        <RebuildEnhancedForm>tYES</RebuildEnhancedForm>
        <MenuUID>UDOCALC</MenuUID>
        <CanApprove>tNO</CanApprove>
      </row>
    </UserObjectsMD>
    <UserObjectMD_ChildTables />
    <UserObjectMD_FindColumns>
      <row>
        <ColumnAlias>Code</ColumnAlias>
        <ColumnDescription>Code</ColumnDescription>
      </row>
      <row>
        <ColumnAlias>Name</ColumnAlias>
        <ColumnDescription>Name</ColumnDescription>
      </row>
      <row>
        <ColumnAlias>U_COMISSIONADO</ColumnAlias>
        <ColumnDescription>Comissionado</ColumnDescription>
      </row>
      <row>
        <ColumnAlias>U_CARDCODE</ColumnAlias>
        <ColumnDescription>Cód. cliente</ColumnDescription>
      </row>
      <row>
        <ColumnAlias>U_CARDNAME</ColumnAlias>
        <ColumnDescription>Razão social</ColumnDescription>
      </row>
      <row>
        <ColumnAlias>U_REGRA</ColumnAlias>
        <ColumnDescription>Regra de comissão</ColumnDescription>
      </row>
      <row>
        <ColumnAlias>U_DOCDATE</ColumnAlias>
        <ColumnDescription>Data do documento</ColumnDescription>
      </row>
      <row>
        <ColumnAlias>U_DUEDATE</ColumnAlias>
        <ColumnDescription>Data do vencimento</ColumnDescription>
      </row>
      <row>
        <ColumnAlias>U_DOCENTRY</ColumnAlias>
        <ColumnDescription>Chave do documento</ColumnDescription>
      </row>
      <row>
        <ColumnAlias>U_OBJTYPE</ColumnAlias>
        <ColumnDescription>Tipo do documento</ColumnDescription>
      </row>
      <row>
        <ColumnAlias>U_ITEMCODE</ColumnAlias>
        <ColumnDescription>Cód. item</ColumnDescription>
      </row>
      <row>
        <ColumnAlias>U_ITEMNAME</ColumnAlias>
        <ColumnDescription>Descrição do item</ColumnDescription>
      </row>
      <row>
        <ColumnAlias>U_LINENUM</ColumnAlias>
        <ColumnDescription>Linha</ColumnDescription>
      </row>
      <row>
        <ColumnAlias>U_VALOR</ColumnAlias>
        <ColumnDescription>Valor</ColumnDescription>
      </row>
      <row>
        <ColumnAlias>U_PARCELA</ColumnAlias>
        <ColumnDescription>Parcela</ColumnDescription>
      </row>
      <row>
        <ColumnAlias>U_IMPOSTOS</ColumnAlias>
        <ColumnDescription>Impostos</ColumnDescription>
      </row>
      <row>
        <ColumnAlias>U_COMISSAO</ColumnAlias>
        <ColumnDescription>% de comissão</ColumnDescription>
      </row>
      <row>
        <ColumnAlias>U_VALORCOMISSAO</ColumnAlias>
        <ColumnDescription>Valor de comissão</ColumnDescription>
      </row>
      <row>
        <ColumnAlias>U_CENTROCUSTO</ColumnAlias>
        <ColumnDescription>Centro de custo</ColumnDescription>
      </row>
      <row>
        <ColumnAlias>U_PAGO</ColumnAlias>
        <ColumnDescription>Comissão paga?</ColumnDescription>
      </row>
      <row>
        <ColumnAlias>U_DATAPAGAMENTO</ColumnAlias>
        <ColumnDescription>Data de pagamento</ColumnDescription>
      </row>
    </UserObjectMD_FindColumns>
    <UserObjectMD_FormColumns>
      <row>
        <SonNumber>0</SonNumber>
        <FormColumnAlias>Code</FormColumnAlias>
        <FormColumnDescription>Code</FormColumnDescription>
        <Editable>tYES</Editable>
      </row>
      <row>
        <SonNumber>0</SonNumber>
        <FormColumnAlias>Name</FormColumnAlias>
        <FormColumnDescription>Name</FormColumnDescription>
        <Editable>tYES</Editable>
      </row>
      <row>
        <SonNumber>0</SonNumber>
        <FormColumnAlias>U_COMISSIONADO</FormColumnAlias>
        <FormColumnDescription>Comissionado</FormColumnDescription>
        <Editable>tYES</Editable>
      </row>
      <row>
        <SonNumber>0</SonNumber>
        <FormColumnAlias>U_CARDCODE</FormColumnAlias>
        <FormColumnDescription>Cód. cliente</FormColumnDescription>
        <Editable>tYES</Editable>
      </row>
      <row>
        <SonNumber>0</SonNumber>
        <FormColumnAlias>U_CARDNAME</FormColumnAlias>
        <FormColumnDescription>Razão social</FormColumnDescription>
        <Editable>tYES</Editable>
      </row>
      <row>
        <SonNumber>0</SonNumber>
        <FormColumnAlias>U_REGRA</FormColumnAlias>
        <FormColumnDescription>Regra de comissão</FormColumnDescription>
        <Editable>tYES</Editable>
      </row>
      <row>
        <SonNumber>0</SonNumber>
        <FormColumnAlias>U_DOCDATE</FormColumnAlias>
        <FormColumnDescription>Data do documento</FormColumnDescription>
        <Editable>tYES</Editable>
      </row>
      <row>
        <SonNumber>0</SonNumber>
        <FormColumnAlias>U_DUEDATE</FormColumnAlias>
        <FormColumnDescription>Data do vencimento</FormColumnDescription>
        <Editable>tYES</Editable>
      </row>
      <row>
        <SonNumber>0</SonNumber>
        <FormColumnAlias>U_DOCENTRY</FormColumnAlias>
        <FormColumnDescription>Chave do documento</FormColumnDescription>
        <Editable>tYES</Editable>
      </row>
      <row>
        <SonNumber>0</SonNumber>
        <FormColumnAlias>U_OBJTYPE</FormColumnAlias>
        <FormColumnDescription>Tipo do documento</FormColumnDescription>
        <Editable>tYES</Editable>
      </row>
      <row>
        <SonNumber>0</SonNumber>
        <FormColumnAlias>U_ITEMCODE</FormColumnAlias>
        <FormColumnDescription>Cód. item</FormColumnDescription>
        <Editable>tYES</Editable>
      </row>
      <row>
        <SonNumber>0</SonNumber>
        <FormColumnAlias>U_ITEMNAME</FormColumnAlias>
        <FormColumnDescription>Descrição do item</FormColumnDescription>
        <Editable>tYES</Editable>
      </row>
      <row>
        <SonNumber>0</SonNumber>
        <FormColumnAlias>U_LINENUM</FormColumnAlias>
        <FormColumnDescription>Linha</FormColumnDescription>
        <Editable>tYES</Editable>
      </row>
      <row>
        <SonNumber>0</SonNumber>
        <FormColumnAlias>U_VALOR</FormColumnAlias>
        <FormColumnDescription>Valor</FormColumnDescription>
        <Editable>tYES</Editable>
      </row>
      <row>
        <SonNumber>0</SonNumber>
        <FormColumnAlias>U_PARCELA</FormColumnAlias>
        <FormColumnDescription>Parcela</FormColumnDescription>
        <Editable>tYES</Editable>
      </row>
      <row>
        <SonNumber>0</SonNumber>
        <FormColumnAlias>U_IMPOSTOS</FormColumnAlias>
        <FormColumnDescription>Impostos</FormColumnDescription>
        <Editable>tYES</Editable>
      </row>
      <row>
        <SonNumber>0</SonNumber>
        <FormColumnAlias>U_COMISSAO</FormColumnAlias>
        <FormColumnDescription>% de comissão</FormColumnDescription>
        <Editable>tYES</Editable>
      </row>
      <row>
        <SonNumber>0</SonNumber>
        <FormColumnAlias>U_VALORCOMISSAO</FormColumnAlias>
        <FormColumnDescription>Valor de comissão</FormColumnDescription>
        <Editable>tYES</Editable>
      </row>
      <row>
        <SonNumber>0</SonNumber>
        <FormColumnAlias>U_CENTROCUSTO</FormColumnAlias>
        <FormColumnDescription>Centro de custo</FormColumnDescription>
        <Editable>tYES</Editable>
      </row>
      <row>
        <SonNumber>0</SonNumber>
        <FormColumnAlias>U_PAGO</FormColumnAlias>
        <FormColumnDescription>Comissão paga?</FormColumnDescription>
        <Editable>tYES</Editable>
      </row>
      <row>
        <SonNumber>0</SonNumber>
        <FormColumnAlias>U_DATAPAGAMENTO</FormColumnAlias>
        <FormColumnDescription>Data de pagamento</FormColumnDescription>
        <Editable>tYES</Editable>
      </row>
    </UserObjectMD_FormColumns>
    <UserObjectMD_EnhancedFormColumns />
  </BO>
  <BO>
    <AdmInfo>
      <Object>206</Object>
      <Version>2</Version>
    </AdmInfo>
    <UserObjectsMD>
      <row>
        <Code>UDOCRIT</Code>
        <Name>[CVA] Critérios de comissão</Name>
        <TableName>CVA_CRIT_COMISSAO</TableName>
        <LogTableName>ACVA_CRIT_COMISSAO</LogTableName>
        <ObjectType>boud_MasterData</ObjectType>
        <ManageSeries>tNO</ManageSeries>
        <CanDelete>tYES</CanDelete>
        <CanClose>tNO</CanClose>
        <CanCancel>tNO</CanCancel>
        <ExtensionName />
        <CanFind>tYES</CanFind>
        <CanYearTransfer>tNO</CanYearTransfer>
        <CanCreateDefaultForm>tYES</CanCreateDefaultForm>
        <CanLog>tYES</CanLog>
        <OverwriteDllfile>tYES</OverwriteDllfile>
        <UseUniqueFormType>tYES</UseUniqueFormType>
        <CanArchive>tNO</CanArchive>
        <MenuItem>tNO</MenuItem>
        <MenuCaption />
        <EnableEnhancedForm>tYES</EnableEnhancedForm>
        <RebuildEnhancedForm>tYES</RebuildEnhancedForm>
        <MenuUID>UDOCRIT</MenuUID>
        <CanApprove>tNO</CanApprove>
      </row>
    </UserObjectsMD>
    <UserObjectMD_ChildTables />
    <UserObjectMD_FindColumns>
      <row>
        <ColumnAlias>Code</ColumnAlias>
        <ColumnDescription>Code</ColumnDescription>
      </row>
      <row>
        <ColumnAlias>Name</ColumnAlias>
        <ColumnDescription>Name</ColumnDescription>
      </row>
      <row>
        <ColumnAlias>U_ATIVO</ColumnAlias>
        <ColumnDescription>Ativo?</ColumnDescription>
      </row>
    </UserObjectMD_FindColumns>
    <UserObjectMD_FormColumns>
      <row>
        <SonNumber>0</SonNumber>
        <FormColumnAlias>Code</FormColumnAlias>
        <FormColumnDescription>Code</FormColumnDescription>
        <Editable>tYES</Editable>
      </row>
      <row>
        <SonNumber>0</SonNumber>
        <FormColumnAlias>Name</FormColumnAlias>
        <FormColumnDescription>Name</FormColumnDescription>
        <Editable>tYES</Editable>
      </row>
      <row>
        <SonNumber>0</SonNumber>
        <FormColumnAlias>U_POS</FormColumnAlias>
        <FormColumnDescription>Posição</FormColumnDescription>
        <Editable>tNO</Editable>
      </row>
      <row>
        <SonNumber>0</SonNumber>
        <FormColumnAlias>U_ATIVO</FormColumnAlias>
        <FormColumnDescription>Ativo?</FormColumnDescription>
        <Editable>tYES</Editable>
      </row>
    </UserObjectMD_FormColumns>
    <UserObjectMD_EnhancedFormColumns />
  </BO>
  <BO>
    <AdmInfo>
      <Object>206</Object>
      <Version>2</Version>
    </AdmInfo>
    <UserObjectsMD>
      <row>
        <Code>UDOREGR</Code>
        <Name>[CVA] Regras de comissão</Name>
        <TableName>CVA_REGR_COMISSAO</TableName>
        <LogTableName>ACVA_REGR_COMISSAO</LogTableName>
        <ObjectType>boud_MasterData</ObjectType>
        <ManageSeries>tNO</ManageSeries>
        <CanDelete>tYES</CanDelete>
        <CanClose>tNO</CanClose>
        <CanCancel>tNO</CanCancel>
        <ExtensionName />
        <CanFind>tYES</CanFind>
        <CanYearTransfer>tNO</CanYearTransfer>
        <CanCreateDefaultForm>tYES</CanCreateDefaultForm>
        <CanLog>tYES</CanLog>
        <OverwriteDllfile>tYES</OverwriteDllfile>
        <UseUniqueFormType>tYES</UseUniqueFormType>
        <CanArchive>tNO</CanArchive>
        <MenuItem>tNO</MenuItem>
        <MenuCaption />
        <EnableEnhancedForm>tNO</EnableEnhancedForm>
        <RebuildEnhancedForm>tYES</RebuildEnhancedForm>
        <MenuUID>UDOREGR</MenuUID>
        <CanApprove>tNO</CanApprove>
      </row>
    </UserObjectsMD>
    <UserObjectMD_ChildTables />
    <UserObjectMD_FindColumns>
      <row>
        <ColumnAlias>Code</ColumnAlias>
        <ColumnDescription>Code</ColumnDescription>
      </row>
      <row>
        <ColumnAlias>Name</ColumnAlias>
        <ColumnDescription>Name</ColumnDescription>
      </row>
      <row>
        <ColumnAlias>U_TIPO</ColumnAlias>
        <ColumnDescription>Tipo de comissão</ColumnDescription>
      </row>
      <row>
        <ColumnAlias>U_COMISSIONADO</ColumnAlias>
        <ColumnDescription>Comissionado</ColumnDescription>
      </row>
      <row>
        <ColumnAlias>U_MOMENTO</ColumnAlias>
        <ColumnDescription>Momento da comissão</ColumnDescription>
      </row>
      <row>
        <ColumnAlias>U_VENDEDOR</ColumnAlias>
        <ColumnDescription>Vendedor</ColumnDescription>
      </row>
      <row>
        <ColumnAlias>U_ITEM</ColumnAlias>
        <ColumnDescription>Código do item</ColumnDescription>
      </row>
      <row>
        <ColumnAlias>U_GRUPO</ColumnAlias>
        <ColumnDescription>Grupo de item</ColumnDescription>
      </row>
      <row>
        <ColumnAlias>U_CENTROCUSTO</ColumnAlias>
        <ColumnDescription>Centro de custo</ColumnDescription>
      </row>
      <row>
        <ColumnAlias>U_FABRICANTE</ColumnAlias>
        <ColumnDescription>Fabricante</ColumnDescription>
      </row>
      <row>
        <ColumnAlias>U_CLIENTE</ColumnAlias>
        <ColumnDescription>Cliente</ColumnDescription>
      </row>
      <row>
        <ColumnAlias>U_CIDADE</ColumnAlias>
        <ColumnDescription>Cidade</ColumnDescription>
      </row>
      <row>
        <ColumnAlias>U_ESTADO</ColumnAlias>
        <ColumnDescription>Estado</ColumnDescription>
      </row>
      <row>
        <ColumnAlias>U_SETOR</ColumnAlias>
        <ColumnDescription>Setor</ColumnDescription>
      </row>
      <row>
        <ColumnAlias>U_COMISSAO</ColumnAlias>
        <ColumnDescription>% de comissão</ColumnDescription>
      </row>
      <row>
        <ColumnAlias>U_PRIORIDADE</ColumnAlias>
        <ColumnDescription>Prioridade</ColumnDescription>
      </row>
      <row>
        <ColumnAlias>U_ATIVO</ColumnAlias>
        <ColumnDescription>Ativo?</ColumnDescription>
      </row>
    </UserObjectMD_FindColumns>
    <UserObjectMD_FormColumns>
      <row>
        <SonNumber>0</SonNumber>
        <FormColumnAlias>Code</FormColumnAlias>
        <FormColumnDescription>Code</FormColumnDescription>
        <Editable>tYES</Editable>
      </row>
      <row>
        <SonNumber>0</SonNumber>
        <FormColumnAlias>Name</FormColumnAlias>
        <FormColumnDescription>Name</FormColumnDescription>
        <Editable>tYES</Editable>
      </row>
      <row>
        <SonNumber>0</SonNumber>
        <FormColumnAlias>U_TIPO</FormColumnAlias>
        <FormColumnDescription>Tipo de comissão</FormColumnDescription>
        <Editable>tYES</Editable>
      </row>
      <row>
        <SonNumber>0</SonNumber>
        <FormColumnAlias>U_COMISSIONADO</FormColumnAlias>
        <FormColumnDescription>Comissionado</FormColumnDescription>
        <Editable>tYES</Editable>
      </row>
      <row>
        <SonNumber>0</SonNumber>
        <FormColumnAlias>U_MOMENTO</FormColumnAlias>
        <FormColumnDescription>Momento da comissão</FormColumnDescription>
        <Editable>tYES</Editable>
      </row>
      <row>
        <SonNumber>0</SonNumber>
        <FormColumnAlias>U_VENDEDOR</FormColumnAlias>
        <FormColumnDescription>Vendedor</FormColumnDescription>
        <Editable>tYES</Editable>
      </row>
      <row>
        <SonNumber>0</SonNumber>
        <FormColumnAlias>U_ITEM</FormColumnAlias>
        <FormColumnDescription>Código do item</FormColumnDescription>
        <Editable>tYES</Editable>
      </row>
      <row>
        <SonNumber>0</SonNumber>
        <FormColumnAlias>U_GRUPO</FormColumnAlias>
        <FormColumnDescription>Grupo de item</FormColumnDescription>
        <Editable>tYES</Editable>
      </row>
      <row>
        <SonNumber>0</SonNumber>
        <FormColumnAlias>U_CENTROCUSTO</FormColumnAlias>
        <FormColumnDescription>Centro de custo</FormColumnDescription>
        <Editable>tYES</Editable>
      </row>
      <row>
        <SonNumber>0</SonNumber>
        <FormColumnAlias>U_FABRICANTE</FormColumnAlias>
        <FormColumnDescription>Fabricante</FormColumnDescription>
        <Editable>tYES</Editable>
      </row>
      <row>
        <SonNumber>0</SonNumber>
        <FormColumnAlias>U_CLIENTE</FormColumnAlias>
        <FormColumnDescription>Cliente</FormColumnDescription>
        <Editable>tYES</Editable>
      </row>
      <row>
        <SonNumber>0</SonNumber>
        <FormColumnAlias>U_CIDADE</FormColumnAlias>
        <FormColumnDescription>Cidade</FormColumnDescription>
        <Editable>tYES</Editable>
      </row>
      <row>
        <SonNumber>0</SonNumber>
        <FormColumnAlias>U_ESTADO</FormColumnAlias>
        <FormColumnDescription>Estado</FormColumnDescription>
        <Editable>tYES</Editable>
      </row>
      <row>
        <SonNumber>0</SonNumber>
        <FormColumnAlias>U_SETOR</FormColumnAlias>
        <FormColumnDescription>Setor</FormColumnDescription>
        <Editable>tYES</Editable>
      </row>
      <row>
        <SonNumber>0</SonNumber>
        <FormColumnAlias>U_COMISSAO</FormColumnAlias>
        <FormColumnDescription>% de comissão</FormColumnDescription>
        <Editable>tYES</Editable>
      </row>
      <row>
        <SonNumber>0</SonNumber>
        <FormColumnAlias>U_PRIORIDADE</FormColumnAlias>
        <FormColumnDescription>Prioridade</FormColumnDescription>
        <Editable>tYES</Editable>
      </row>
      <row>
        <SonNumber>0</SonNumber>
        <FormColumnAlias>U_ATIVO</FormColumnAlias>
        <FormColumnDescription>Ativo?</FormColumnDescription>
        <Editable>tYES</Editable>
      </row>
    </UserObjectMD_FormColumns>
    <UserObjectMD_EnhancedFormColumns />
  </BO>
  <BO>
    <AdmInfo>
      <Object>206</Object>
      <Version>2</Version>
    </AdmInfo>
    <UserObjectsMD>
      <row>
        <Code>UDOTIPO</Code>
        <Name>[CVA] Tipo de comissão</Name>
        <TableName>CVA_TIPO_COMISSAO</TableName>
        <LogTableName>ACVA_TIPO_COMISSAO</LogTableName>
        <ObjectType>boud_MasterData</ObjectType>
        <ManageSeries>tNO</ManageSeries>
        <CanDelete>tYES</CanDelete>
        <CanClose>tNO</CanClose>
        <CanCancel>tNO</CanCancel>
        <ExtensionName />
        <CanFind>tYES</CanFind>
        <CanYearTransfer>tNO</CanYearTransfer>
        <CanCreateDefaultForm>tYES</CanCreateDefaultForm>
        <CanLog>tYES</CanLog>
        <OverwriteDllfile>tYES</OverwriteDllfile>
        <UseUniqueFormType>tYES</UseUniqueFormType>
        <CanArchive>tNO</CanArchive>
        <MenuItem>tNO</MenuItem>
        <MenuCaption />
        <EnableEnhancedForm>tYES</EnableEnhancedForm>
        <RebuildEnhancedForm>tYES</RebuildEnhancedForm>
        <MenuUID>UDOTIPO</MenuUID>
        <CanApprove>tNO</CanApprove>
      </row>
    </UserObjectsMD>
    <UserObjectMD_ChildTables />
    <UserObjectMD_FindColumns>
      <row>
        <ColumnAlias>Code</ColumnAlias>
        <ColumnDescription>Code</ColumnDescription>
      </row>
      <row>
        <ColumnAlias>Name</ColumnAlias>
        <ColumnDescription>Name</ColumnDescription>
      </row>
      <row>
        <ColumnAlias>U_TIPO</ColumnAlias>
        <ColumnDescription>É tipo vendedor</ColumnDescription>
      </row>
    </UserObjectMD_FindColumns>
    <UserObjectMD_FormColumns>
      <row>
        <SonNumber>0</SonNumber>
        <FormColumnAlias>Code</FormColumnAlias>
        <FormColumnDescription>Code</FormColumnDescription>
        <Editable>tYES</Editable>
      </row>
      <row>
        <SonNumber>0</SonNumber>
        <FormColumnAlias>Name</FormColumnAlias>
        <FormColumnDescription>Name</FormColumnDescription>
        <Editable>tYES</Editable>
      </row>
      <row>
        <SonNumber>0</SonNumber>
        <FormColumnAlias>U_TIPO</FormColumnAlias>
        <FormColumnDescription>É tipo vendedor</FormColumnDescription>
        <Editable>tYES</Editable>
      </row>
    </UserObjectMD_FormColumns>
    <UserObjectMD_EnhancedFormColumns />
  </BO>
</BOM>